mean_fit_time,std_fit_time,mean_score_time,std_score_time,param_n_estimators,params,split0_test_score,split1_test_score,split2_test_score,split3_test_score,split4_test_score,split5_test_score,split6_test_score,split7_test_score,split8_test_score,split9_test_score,mean_test_score,std_test_score,rank_test_score,Experiment
0.02503371238708496,0.003718000399054771,0.005787205696105957,0.001076130452499267,1,{'n_estimators': 1},0.9823008849557522,0.9736456808199122,0.9743213499633162,0.9772893772893774,0.9793510324483776,0.9736070381231671,0.9794419970631425,0.980248719824433,0.9785344189489267,0.9837758112094395,0.9782516310645845,0.0033580809039412364,150,RW-L7: Hyperparameter tunning: RF
0.03789951801300049,0.0019942652344299406,0.007378840446472168,0.0017953937384166028,2,{'n_estimators': 2},0.9827715355805243,0.9827456864216054,0.9735849056603775,0.9865671641791044,0.9864661654135338,0.9843400447427293,0.9843633655994043,0.9880418535127055,0.983433734939759,0.9880597014925373,0.984037415754228,0.003969899230457361,149,RW-L7: Hyperparameter tunning: RF
0.05195596218109131,0.005704211754488597,0.008975720405578614,0.008077310223738025,3,{'n_estimators': 3},0.9911504424778762,0.9889786921381337,0.9889786921381337,0.9926362297496318,0.9947955390334573,0.9845474613686533,0.9904341427520236,0.991857883049593,0.9926144756277696,0.9926144756277695,0.9908608033963041,0.002701630747040005,148,RW-L7: Hyperparameter tunning: RF
0.06203916072845459,0.004755446780363068,0.0069801568984985355,0.0017844388164581894,4,{'n_estimators': 4},0.9940652818991098,0.9896449704142012,0.9955555555555555,0.9955555555555555,0.996276991809382,0.9888806523350631,0.996299037749815,0.9933085501858736,0.9955489614243324,0.994810971089696,0.9939946528018584,0.0025302729082947607,147,RW-L7: Hyperparameter tunning: RF
0.07898116111755371,0.004709792340572342,0.00817701816558838,0.001531987392569275,5,{'n_estimators': 5},0.9955621301775148,0.9904200442151805,0.9948339483394834,0.994818652849741,0.9977728285077951,0.9911504424778762,0.9963045084996305,0.9940740740740741,0.9948263118994827,0.9948186528497409,0.9944581593890518,0.002086775968674542,146,RW-L7: Hyperparameter tunning: RF
0.09475090503692626,0.012554889046580447,0.008572697639465332,0.0020469636381751383,6,{'n_estimators': 6},0.9977761304670126,0.9911242603550297,0.996299037749815,0.9955555555555555,0.9970282317979198,0.9955555555555555,0.9985163204747775,0.9955489614243324,0.9970370370370369,0.9955489614243324,0.9959990051841366,0.001904820167383633,144,RW-L7: Hyperparameter tunning: RF
0.11019225120544433,0.012986652929364682,0.008681201934814453,0.0018481473550129679,7,{'n_estimators': 7},0.9970370370370369,0.9933579335793358,0.9963045084996305,0.996299037749815,0.9962880475129918,0.9926253687315635,0.996299037749815,0.9955489614243324,0.9948263118994827,0.9933481152993349,0.9951934359483339,0.00148008976951639,145,RW-L7: Hyperparameter tunning: RF
0.12705438137054442,0.009121391688962316,0.008280372619628907,0.0013506896160991025,8,{'n_estimators': 8},0.9985163204747775,0.994818652849741,0.9962935507783544,0.996299037749815,0.9970238095238095,0.9933481152993349,0.9985163204747775,0.9962880475129918,0.9977761304670126,0.994810971089696,0.9963690956220311,0.0016001461610756296,142,RW-L7: Hyperparameter tunning: RF
0.14630966186523436,0.018852159002596586,0.011172866821289063,0.0027450968287335664,9,{'n_estimators': 9},0.9985163204747775,0.9963045084996305,0.9977794226498891,0.996299037749815,0.9977695167286245,0.9933481152993349,0.9992587101556708,0.9955489614243324,0.9970370370370369,0.994810971089696,0.9966672601108808,0.001694212126765696,137,RW-L7: Hyperparameter tunning: RF
0.17094364166259765,0.017690785548366224,0.012366342544555663,0.0033130928603437946,10,{'n_estimators': 10},0.9985163204747775,0.996299037749815,0.9977761304670126,0.996299037749815,0.9970238095238095,0.9933481152993349,0.9992587101556708,0.9955489614243324,0.9977761304670126,0.9962880475129918,0.9968134300824574,0.001587122780898463,129,RW-L7: Hyperparameter tunning: RF
0.1795208215713501,0.040456601445666214,0.01156466007232666,0.002530317276006677,11,{'n_estimators': 11},0.9985163204747775,0.9970414201183432,0.9985185185185186,0.996299037749815,0.9970282317979198,0.9933481152993349,0.9985185185185186,0.9940740740740741,0.9955621301775148,0.9955489614243324,0.9964455328153148,0.0017435834903358888,140,RW-L7: Hyperparameter tunning: RF
0.16914334297180175,0.009257027789508931,0.01107473373413086,0.003041730109422845,12,{'n_estimators': 12},0.9977728285077951,0.9970414201183432,0.9977761304670126,0.996299037749815,0.9970282317979198,0.9933481152993349,0.9985185185185186,0.9948109710896961,0.9955621301775148,0.9962880475129918,0.9964445431238943,0.0014702562234967292,141,RW-L7: Hyperparameter tunning: RF
0.1822129249572754,0.011628908674044237,0.010765910148620605,0.001985323342460625,13,{'n_estimators': 13},0.9985163204747775,0.9963045084996305,0.9977761304670126,0.9970414201183432,0.9970282317979198,0.9926144756277696,0.9977794226498891,0.994818652849741,0.9955621301775148,0.994810971089696,0.9962252263752294,0.0016983227593259957,143,RW-L7: Hyperparameter tunning: RF
0.1955810308456421,0.008841346862192116,0.011365008354187012,0.0016754372374724808,14,{'n_estimators': 14},0.9977728285077951,0.9977794226498891,0.9977761304670126,0.9977794226498891,0.9977695167286245,0.9933481152993349,0.9977794226498891,0.9970326409495549,0.996299037749815,0.994810971089696,0.9968147508741498,0.001479582642503914,128,RW-L7: Hyperparameter tunning: RF
0.20734152793884278,0.007132290141828966,0.013371586799621582,0.0019539346208122268,15,{'n_estimators': 15},0.9985163204747775,0.9970414201183432,0.9977761304670126,0.9977794226498891,0.9985141158989599,0.9933481152993349,0.9977794226498891,0.994818652849741,0.996299037749815,0.994810971089696,0.9966683609247458,0.0016937755559971106,136,RW-L7: Hyperparameter tunning: RF
0.23826735019683837,0.01908570892137574,0.013371849060058593,0.0032156916423210723,16,{'n_estimators': 16},0.9985163204747775,0.9970414201183432,0.9977761304670126,0.9970370370370369,0.9977695167286245,0.9933481152993349,0.9977794226498891,0.9962935507783544,0.9955555555555555,0.994810971089696,0.9965928040198623,0.0015218365006041527,138,RW-L7: Hyperparameter tunning: RF
0.2636993646621704,0.039207011112497754,0.014258241653442383,0.004195531927353564,17,{'n_estimators': 17},0.9985163204747775,0.9963045084996305,0.9985185185185186,0.9970370370370369,0.9970282317979198,0.9940915805022157,0.9977794226498891,0.9955555555555555,0.996299037749815,0.9955555555555555,0.9966685768340913,0.0013312844005893853,135,RW-L7: Hyperparameter tunning: RF
0.30478315353393554,0.05140013232713659,0.016857361793518065,0.006577130551935547,18,{'n_estimators': 18},0.9985163204747775,0.9963045084996305,0.9985185185185186,0.9962935507783544,0.9977695167286245,0.9948263118994827,0.9985185185185186,0.9962935507783544,0.996299037749815,0.994810971089696,0.9968150805035773,0.0013656937283202616,127,RW-L7: Hyperparameter tunning: RF
0.2844406604766846,0.036376220692457405,0.014958429336547851,0.002609364604965216,19,{'n_estimators': 19},0.9985163204747775,0.9963045084996305,0.9985185185185186,0.9977794226498891,0.9977728285077951,0.9940915805022157,0.9985185185185186,0.994818652849741,0.9970414201183432,0.9955555555555555,0.9968917326194984,0.0015423227045149336,117,RW-L7: Hyperparameter tunning: RF
0.32312328815460206,0.060181639528097734,0.015565991401672363,0.003625778418093115,20,{'n_estimators': 20},0.9985163204747775,0.9963045084996305,0.9985185185185186,0.9977794226498891,0.9977728285077951,0.9955621301775148,0.9985185185185186,0.9955555555555555,0.996299037749815,0.994810971089696,0.996963781174171,0.0013425149441809337,111,RW-L7: Hyperparameter tunning: RF
0.3039890766143799,0.03016152044950865,0.015260863304138183,0.0035051981050662306,21,{'n_estimators': 21},0.9985163204747775,0.9963045084996305,0.9985185185185186,0.9977794226498891,0.9977728285077951,0.9948263118994827,0.9985185185185186,0.994818652849741,0.996299037749815,0.9948186528497409,0.9968172772517908,0.0015165236413711063,124,RW-L7: Hyperparameter tunning: RF
0.29311175346374513,0.011361693970212647,0.0146651029586792,0.002758691286835256,22,{'n_estimators': 22},0.9985163204747775,0.9963045084996305,0.9985185185185186,0.9977794226498891,0.9970238095238095,0.9948263118994827,0.9985185185185186,0.9955555555555555,0.9970370370370369,0.994810971089696,0.9968890973766914,0.0013958640641973988,122,RW-L7: Hyperparameter tunning: RF
0.3375007390975952,0.02639393373957392,0.016450977325439452,0.003996459420962785,23,{'n_estimators': 23},0.9985163204747775,0.9955686853766618,0.9985185185185186,0.9977794226498891,0.9985141158989599,0.9948263118994827,0.9977794226498891,0.994818652849741,0.996299037749815,0.9948186528497409,0.9967439140917476,0.001556867142836694,130,RW-L7: Hyperparameter tunning: RF
0.34058852195739747,0.024914382476546777,0.015557098388671874,0.002720046029498851,24,{'n_estimators': 24},0.9985163204747775,0.9963045084996305,0.9985185185185186,0.9977794226498891,0.9985141158989599,0.9948263118994827,0.9985185185185186,0.994818652849741,0.9970370370370369,0.994810971089696,0.996964437743625,0.0015671167070092343,110,RW-L7: Hyperparameter tunning: RF
0.316665506362915,0.020972199154529872,0.015553689002990723,0.0031237046715659527,25,{'n_estimators': 25},0.9985163204747775,0.9963045084996305,0.9985185185185186,0.9977794226498891,0.9985141158989599,0.9948263118994827,0.9985185185185186,0.994818652849741,0.996299037749815,0.9948186528497409,0.9968914059909073,0.0015782798243790556,118,RW-L7: Hyperparameter tunning: RF
0.3512604236602783,0.019668229973736528,0.014959979057312011,0.0019454395033949383,26,{'n_estimators': 26},0.9985163204747775,0.9963045084996305,0.9985185185185186,0.9977794226498891,0.9985141158989599,0.9940828402366864,0.9985185185185186,0.9955555555555555,0.996299037749815,0.9940740740740741,0.9968162912176425,0.0017206371518988558,126,RW-L7: Hyperparameter tunning: RF
0.3670151710510254,0.017289331677593375,0.01565697193145752,0.002449124607605911,27,{'n_estimators': 27},0.9985163204747775,0.9955686853766618,0.9985185185185186,0.9977794226498891,0.9985141158989599,0.9940915805022157,0.9985185185185186,0.9940828402366864,0.996299037749815,0.9948186528497409,0.9966707692775783,0.0018164292658420548,133,RW-L7: Hyperparameter tunning: RF
0.3840691566467285,0.025715505593755423,0.018752288818359376,0.0038239700459351857,28,{'n_estimators': 28},0.9985163204747775,0.9970414201183432,0.9985185185185186,0.9977794226498891,0.9985141158989599,0.9940828402366864,0.9985185185185186,0.9940828402366864,0.9970370370370369,0.9955555555555555,0.9969646589244971,0.0017002273601391675,109,RW-L7: Hyperparameter tunning: RF
0.41629140377044677,0.02075586834339058,0.017448925971984865,0.003169090541139166,29,{'n_estimators': 29},0.9977761304670126,0.9955686853766618,0.9985185185185186,0.9977794226498891,0.9977728285077951,0.9940828402366864,0.9977794226498891,0.9940828402366864,0.996299037749815,0.9948186528497409,0.9964478379242696,0.0016121302006178585,139,RW-L7: Hyperparameter tunning: RF
0.4197785139083862,0.017144167328401044,0.018253445625305176,0.0029369298882990593,30,{'n_estimators': 30},0.9985163204747775,0.9970414201183432,0.9985185185185186,0.9977794226498891,0.9985141158989599,0.9940828402366864,0.9985185185185186,0.994818652849741,0.9970370370370369,0.9955555555555555,0.9970382401858024,0.0015860028961190333,103,RW-L7: Hyperparameter tunning: RF
0.42705526351928713,0.021444363354650466,0.018561887741088866,0.0022686463485560864,31,{'n_estimators': 31},0.9985163204747775,0.9955686853766618,0.9985185185185186,0.9977794226498891,0.9977728285077951,0.9940828402366864,0.9985185185185186,0.9940828402366864,0.9970370370370369,0.9955555555555555,0.9967432567112124,0.0016915292603504443,131,RW-L7: Hyperparameter tunning: RF
0.43632805347442627,0.016852435731530734,0.018754124641418457,0.003444391923635038,32,{'n_estimators': 32},0.9985163204747775,0.9977794226498891,0.9985185185185186,0.9970370370370369,0.9985141158989599,0.9940828402366864,0.9985185185185186,0.9955555555555555,0.9970370370370369,0.9955555555555555,0.9971114921482535,0.0014957329464484134,99,RW-L7: Hyperparameter tunning: RF
0.4298479318618774,0.01738303011100305,0.022646164894104003,0.011022424201585307,33,{'n_estimators': 33},0.9985163204747775,0.9977794226498891,0.9985185185185186,0.9977794226498891,0.9977728285077951,0.9940828402366864,0.9985185185185186,0.994818652849741,0.9970370370370369,0.9955555555555555,0.9970379116998407,0.0015512834364218534,104,RW-L7: Hyperparameter tunning: RF
0.4496976375579834,0.02060690041986454,0.018545699119567872,0.0032464277568758004,34,{'n_estimators': 34},0.9985163204747775,0.9977794226498891,0.9985185185185186,0.9977794226498891,0.9985141158989599,0.9940828402366864,0.9985185185185186,0.994818652849741,0.9970370370370369,0.9955555555555555,0.9971120404389572,0.001601528283372511,98,RW-L7: Hyperparameter tunning: RF
0.4539805889129639,0.016988226831156653,0.01934797763824463,0.0028280378964590323,35,{'n_estimators': 35},0.9985163204747775,0.9963045084996305,0.9985185185185186,0.9977794226498891,0.9977728285077951,0.9940828402366864,0.9985185185185186,0.9940828402366864,0.9970370370370369,0.9955555555555555,0.9968168390235095,0.0016544319566729145,125,RW-L7: Hyperparameter tunning: RF
0.4676493167877197,0.027085318524398636,0.01924862861633301,0.00338771735052515,36,{'n_estimators': 36},0.9985163204747775,0.9977794226498891,0.9985185185185186,0.9977794226498891,0.9970282317979198,0.9940828402366864,0.9985185185185186,0.9940828402366864,0.9970370370370369,0.9955555555555555,0.9968898707675476,0.0016466016615841548,121,RW-L7: Hyperparameter tunning: RF
0.477519154548645,0.030028487886317855,0.01974945068359375,0.0023957587739149295,37,{'n_estimators': 37},0.9985163204747775,0.9955686853766618,0.9985185185185186,0.9977794226498891,0.9970282317979198,0.9940828402366864,0.9985185185185186,0.9940828402366864,0.9970370370370369,0.9955555555555555,0.9966687970402249,0.001660676448797508,134,RW-L7: Hyperparameter tunning: RF
0.48680527210235597,0.05512077079651961,0.029712152481079102,0.025313682633626,38,{'n_estimators': 38},0.9985163204747775,0.9970414201183432,0.9985185185185186,0.9977794226498891,0.9970282317979198,0.9940828402366864,0.9985185185185186,0.9955555555555555,0.9970370370370369,0.9955555555555555,0.99696334204628,0.0014209726024609608,114,RW-L7: Hyperparameter tunning: RF
0.49591152667999266,0.05826473621751243,0.030207395553588867,0.027982594493981935,39,{'n_estimators': 39},0.9985163204747775,0.9963045084996305,0.9985185185185186,0.9977794226498891,0.9970282317979198,0.9940828402366864,0.9985185185185186,0.994818652849741,0.996299037749815,0.9955555555555555,0.9967421606851051,0.0015226320328271326,132,RW-L7: Hyperparameter tunning: RF
0.44352481365203855,0.01825578432846987,0.019443798065185546,0.0025928699765131284,40,{'n_estimators': 40},0.9985163204747775,0.9970414201183432,0.9985185185185186,0.9977794226498891,0.9970282317979198,0.9940828402366864,0.9985185185185186,0.9955555555555555,0.9970326409495549,0.9955555555555555,0.9969629024375319,0.001420950415152502,115,RW-L7: Hyperparameter tunning: RF
0.44194531440734863,0.01703102016767356,0.018245363235473634,0.0006388093033358493,41,{'n_estimators': 41},0.9985163204747775,0.9963045084996305,0.9985185185185186,0.9977794226498891,0.9970282317979198,0.9940828402366864,0.9985185185185186,0.9955555555555555,0.9977761304670126,0.9955555555555555,0.9969635602274064,0.001458588030099136,112,RW-L7: Hyperparameter tunning: RF
0.46306087970733645,0.042700192752114986,0.018060827255249025,0.0011366646513543282,42,{'n_estimators': 42},0.9985163204747775,0.9963045084996305,0.9985185185185186,0.9977794226498891,0.9970282317979198,0.9940828402366864,0.9985185185185186,0.9955555555555555,0.9977761304670126,0.9955555555555555,0.9969635602274064,0.001458588030099136,112,RW-L7: Hyperparameter tunning: RF
0.4628634452819824,0.019979856564015026,0.01845211982727051,0.0009212768518015374,43,{'n_estimators': 43},0.9992587101556708,0.9955686853766618,0.9985185185185186,0.9970414201183432,0.9977728285077951,0.9940828402366864,0.9985185185185186,0.994818652849741,0.9977761304670126,0.9955555555555555,0.9968911860304503,0.0016792766168503557,119,RW-L7: Hyperparameter tunning: RF
0.5411497592926026,0.08287194481187347,0.020454978942871092,0.00232452923203233,44,{'n_estimators': 44},0.9992587101556708,0.9963045084996305,0.9985185185185186,0.9970414201183432,0.9977728285077951,0.9940828402366864,0.9985185185185186,0.994818652849741,0.9977761304670126,0.9955555555555555,0.9969647683427472,0.001635259567716143,108,RW-L7: Hyperparameter tunning: RF
0.6482640266418457,0.03917493903208795,0.024536776542663574,0.0036233076160474558,45,{'n_estimators': 45},0.9992587101556708,0.9963045084996305,0.9985185185185186,0.9970414201183432,0.9977728285077951,0.9940828402366864,0.9985185185185186,0.994818652849741,0.9970370370370369,0.9955555555555555,0.9968908589997495,0.001613475345201482,120,RW-L7: Hyperparameter tunning: RF
0.6525513410568238,0.05812923743016906,0.02781987190246582,0.006131552718388491,46,{'n_estimators': 46},0.9992587101556708,0.9985185185185186,0.9985185185185186,0.9977794226498891,0.9977728285077951,0.9940828402366864,0.9985185185185186,0.994818652849741,0.9970370370370369,0.9955555555555555,0.997186060254793,0.0016802956405318804,96,RW-L7: Hyperparameter tunning: RF
0.7075071811676026,0.07296826457439187,0.025133085250854493,0.003645567539842552,47,{'n_estimators': 47},0.9992587101556708,0.9963045084996305,0.9985185185185186,0.9970414201183432,0.9985163204747775,0.9940828402366864,0.9985185185185186,0.994818652849741,0.9970370370370369,0.9962990377498149,0.9970395564158737,0.001619981159692469,101,RW-L7: Hyperparameter tunning: RF
0.7083025932312011,0.05142645709337814,0.026232433319091798,0.004801763870017084,48,{'n_estimators': 48},0.9992587101556708,0.9985185185185186,0.9985185185185186,0.9977794226498891,0.9970282317979198,0.9940828402366864,0.9985185185185186,0.9955555555555555,0.9970370370370369,0.9962990377498149,0.9972596390738129,0.0015179789165772797,92,RW-L7: Hyperparameter tunning: RF
0.7325478076934815,0.15457575805068796,0.02881479263305664,0.009593681707894828,49,{'n_estimators': 49},0.9992587101556708,0.9963045084996305,0.9985185185185186,0.9977794226498891,0.9977728285077951,0.9940828402366864,0.9985185185185186,0.994818652849741,0.9970370370370369,0.9962990377498149,0.9970390074723301,0.0015858007759540784,102,RW-L7: Hyperparameter tunning: RF
0.7723337173461914,0.11615241258744936,0.0315155029296875,0.009764796456913616,50,{'n_estimators': 50},0.9992587101556708,0.9963045084996305,0.9985185185185186,0.9977794226498891,0.9977728285077951,0.9940828402366864,0.9985185185185186,0.9962935507783544,0.9977761304670126,0.9962990377498149,0.997260406608189,0.001443140419217395,91,RW-L7: Hyperparameter tunning: RF
0.7742266178131103,0.08246010573274087,0.043289589881896975,0.029814066543964488,51,{'n_estimators': 51},0.9992587101556708,0.9948339483394834,0.9985185185185186,0.9970414201183432,0.9977728285077951,0.9940828402366864,0.9985185185185186,0.9962935507783544,0.9970370370370369,0.9962990377498149,0.9969656409960221,0.001565060186331598,106,RW-L7: Hyperparameter tunning: RF
0.8238989114761353,0.06999377001521744,0.03310773372650146,0.006084407896220929,52,{'n_estimators': 52},0.9992587101556708,0.9963045084996305,0.9985185185185186,0.9970414201183432,0.9970282317979198,0.9940828402366864,0.9992587101556708,0.9962935507783544,0.9977761304670126,0.9962990377498149,0.9971861658477621,0.0015083667872963745,94,RW-L7: Hyperparameter tunning: RF
0.6290146112442017,0.054816199747582006,0.02294909954071045,0.0026002477313818084,53,{'n_estimators': 53},0.9992587101556708,0.9941002949852508,0.9985185185185186,0.9970414201183432,0.9977728285077951,0.9940828402366864,0.9992587101556708,0.9962935507783544,0.9970370370370369,0.9962990377498149,0.9969662948243141,0.0017608793639556286,105,RW-L7: Hyperparameter tunning: RF
0.6132876396179199,0.033439340607326735,0.02333047389984131,0.002328616252954318,54,{'n_estimators': 54},0.9992587101556708,0.9941002949852508,0.9985185185185186,0.9970414201183432,0.9977728285077951,0.9940828402366864,0.9992587101556708,0.9962935507783544,0.9970370370370369,0.9955555555555555,0.9968919466048881,0.0018026823915398423,116,RW-L7: Hyperparameter tunning: RF
0.6247148513793945,0.02962553617955854,0.023250985145568847,0.001102313097480463,55,{'n_estimators': 55},0.9992587101556708,0.9941002949852508,0.9985185185185186,0.9970414201183432,0.9977728285077951,0.9940828402366864,0.9992587101556708,0.9955555555555555,0.9970370370370369,0.9955555555555555,0.9968181470826082,0.0018403814230836524,123,RW-L7: Hyperparameter tunning: RF
0.6058798551559448,0.021408564112927755,0.023536944389343263,0.0013467048503342418,56,{'n_estimators': 56},0.9992587101556708,0.9948339483394834,0.9985185185185186,0.9970414201183432,0.9977728285077951,0.9940828402366864,0.9992587101556708,0.9962935507783544,0.9970370370370369,0.9955555555555555,0.9969653119403115,0.0016995543950767025,107,RW-L7: Hyperparameter tunning: RF
0.6853605031967163,0.08481092761049543,0.025142860412597657,0.0037511480470045554,57,{'n_estimators': 57},0.9992587101556708,0.9948339483394834,0.9985185185185186,0.9970414201183432,0.9977728285077951,0.9940828402366864,0.9992587101556708,0.9962935507783544,0.9970370370370369,0.9962990377498149,0.9970396601597373,0.0016518499651448065,100,RW-L7: Hyperparameter tunning: RF
0.6890603065490722,0.10091715072481795,0.026966285705566407,0.005320729233222265,58,{'n_estimators': 58},0.9992587101556708,0.9963045084996305,0.9985185185185186,0.9970414201183432,0.9970282317979198,0.9940828402366864,0.9992587101556708,0.9970326409495549,0.9970370370370369,0.9962990377498149,0.9971861655218847,0.0014714854070850788,95,RW-L7: Hyperparameter tunning: RF
0.6606423139572144,0.02782346405448273,0.02463696002960205,0.0009095321779268529,59,{'n_estimators': 59},0.9992587101556708,0.9963045084996305,0.9985185185185186,0.9970414201183432,0.9977728285077951,0.9940828402366864,0.9992587101556708,0.9970326409495549,0.9970370370370369,0.9962990377498149,0.9972606251928722,0.001480421595508511,87,RW-L7: Hyperparameter tunning: RF
0.6443793296813964,0.020957213829676996,0.023930621147155762,0.00117120764759499,60,{'n_estimators': 60},0.9992587101556708,0.9963045084996305,0.9985185185185186,0.9970414201183432,0.9977728285077951,0.9940828402366864,0.9992587101556708,0.9970326409495549,0.9970370370370369,0.9962990377498149,0.9972606251928722,0.001480421595508511,87,RW-L7: Hyperparameter tunning: RF
0.801556658744812,0.13469928059734543,0.02922062873840332,0.005125072794480299,61,{'n_estimators': 61},0.9992587101556708,0.9963045084996305,0.9985185185185186,0.9970414201183432,0.9977728285077951,0.9940828402366864,0.9985185185185186,0.9962935507783544,0.9970370370370369,0.9962990377498149,0.9971126970120368,0.0014202415902157357,97,RW-L7: Hyperparameter tunning: RF
0.8788494110107422,0.06508073160568276,0.03211333751678467,0.007230969873972573,62,{'n_estimators': 62},0.9992587101556708,0.9963045084996305,0.9985185185185186,0.9970414201183432,0.9977728285077951,0.9940828402366864,0.9992587101556708,0.9970326409495549,0.9970370370370369,0.9962990377498149,0.9972606251928722,0.001480421595508511,87,RW-L7: Hyperparameter tunning: RF
0.825492525100708,0.031817560978151124,0.03081622123718262,0.005016814118238525,63,{'n_estimators': 63},0.9992587101556708,0.9963045084996305,0.9985185185185186,0.9970414201183432,0.9977728285077951,0.9940828402366864,0.9992587101556708,0.9970326409495549,0.9970370370370369,0.9962990377498149,0.9972606251928722,0.001480421595508511,87,RW-L7: Hyperparameter tunning: RF
0.8823432922363281,0.04497519282670824,0.031212759017944337,0.003939833484801265,64,{'n_estimators': 64},0.9992587101556708,0.9963045084996305,0.9985185185185186,0.9970414201183432,0.9985141158989599,0.9940828402366864,0.9992587101556708,0.9970326409495549,0.9970370370370369,0.9962990377498149,0.9973347539319887,0.0015221832024851613,54,RW-L7: Hyperparameter tunning: RF
0.9409783363342286,0.08701056919630586,0.03580818176269531,0.009855220714426014,65,{'n_estimators': 65},0.9992587101556708,0.9963045084996305,0.9985185185185186,0.9970414201183432,0.9985141158989599,0.9940828402366864,0.9992587101556708,0.9970326409495549,0.9970370370370369,0.9962990377498149,0.9973347539319887,0.0015221832024851613,54,RW-L7: Hyperparameter tunning: RF
1.0567752122879028,0.19001228743544643,0.042783260345458984,0.009462496660088802,66,{'n_estimators': 66},0.9992587101556708,0.9963045084996305,0.9985185185185186,0.9970414201183432,0.9985141158989599,0.9940828402366864,0.9992587101556708,0.9970326409495549,0.9970370370370369,0.9962990377498149,0.9973347539319887,0.0015221832024851613,54,RW-L7: Hyperparameter tunning: RF
1.0681411027908325,0.11626281884334151,0.04478065967559815,0.007756975438336528,67,{'n_estimators': 67},0.9992587101556708,0.9955686853766618,0.9985185185185186,0.9970414201183432,0.9985141158989599,0.9940828402366864,0.9992587101556708,0.9970326409495549,0.9970370370370369,0.9962990377498149,0.9972611716196917,0.0015866274277116803,79,RW-L7: Hyperparameter tunning: RF
0.8898208379745484,0.12902630837305526,0.03481094837188721,0.006626774387337969,68,{'n_estimators': 68},0.9992587101556708,0.9955686853766618,0.9985185185185186,0.9970414201183432,0.9985141158989599,0.9940828402366864,0.9992587101556708,0.9970326409495549,0.9970370370370369,0.9962990377498149,0.9972611716196917,0.0015866274277116803,79,RW-L7: Hyperparameter tunning: RF
0.7586600065231324,0.06543927315261014,0.02813096046447754,0.003442155236966909,69,{'n_estimators': 69},0.9992587101556708,0.9955686853766618,0.9985185185185186,0.9970414201183432,0.9985141158989599,0.9940828402366864,0.9992587101556708,0.9970326409495549,0.9970370370370369,0.9962990377498149,0.9972611716196917,0.0015866274277116803,79,RW-L7: Hyperparameter tunning: RF
0.8768495798110962,0.10231177624862907,0.03011929988861084,0.003984434176119373,70,{'n_estimators': 70},0.9992587101556708,0.9963045084996305,0.9985185185185186,0.9970414201183432,0.9985141158989599,0.9940828402366864,0.9992587101556708,0.9970326409495549,0.9970370370370369,0.9962990377498149,0.9973347539319887,0.0015221832024851613,54,RW-L7: Hyperparameter tunning: RF
0.747499656677246,0.020142423644705455,0.027132105827331544,0.0014100876678691504,71,{'n_estimators': 71},0.9992587101556708,0.9963045084996305,0.9985185185185186,0.9970414201183432,0.9985141158989599,0.9940828402366864,0.9992587101556708,0.9970326409495549,0.9970370370370369,0.9962990377498149,0.9973347539319887,0.0015221832024851613,54,RW-L7: Hyperparameter tunning: RF
0.7565627813339233,0.012723050360927912,0.028033804893493653,0.0013734566901940557,72,{'n_estimators': 72},0.9992587101556708,0.9963045084996305,0.9985185185185186,0.9970414201183432,0.9985141158989599,0.9940828402366864,0.9992587101556708,0.9970326409495549,0.9970370370370369,0.9962990377498149,0.9973347539319887,0.0015221832024851613,54,RW-L7: Hyperparameter tunning: RF
0.7780180692672729,0.02184654722601636,0.028512072563171387,0.0012619862183116503,73,{'n_estimators': 73},0.9992587101556708,0.9963045084996305,0.9985185185185186,0.9970414201183432,0.9985141158989599,0.9940828402366864,0.9992587101556708,0.9970326409495549,0.9970370370370369,0.9962990377498149,0.9973347539319887,0.0015221832024851613,54,RW-L7: Hyperparameter tunning: RF
0.8947603702545166,0.09447466926843492,0.031210923194885255,0.0031211325422157844,74,{'n_estimators': 74},0.9992587101556708,0.9963045084996305,0.9985185185185186,0.9970414201183432,0.9985141158989599,0.9940828402366864,0.9992587101556708,0.9970326409495549,0.9970370370370369,0.997037037037037,0.9974085538607109,0.0014876787309096248,45,RW-L7: Hyperparameter tunning: RF
1.1194061994552613,0.07932505043109901,0.0383965015411377,0.005485812379206486,75,{'n_estimators': 75},0.9992587101556708,0.9963045084996305,0.9985185185185186,0.9970414201183432,0.9985141158989599,0.9940828402366864,0.9992587101556708,0.9962935507783544,0.9970370370370369,0.9962990377498149,0.9972608449148685,0.001552695183999304,82,RW-L7: Hyperparameter tunning: RF
1.1200092315673829,0.08709928664811269,0.03859035968780518,0.008116387164814044,76,{'n_estimators': 76},0.9992587101556708,0.9963045084996305,0.9985185185185186,0.9970414201183432,0.9985141158989599,0.9940828402366864,0.9992587101556708,0.9962935507783544,0.9970370370370369,0.9962990377498149,0.9972608449148685,0.001552695183999304,82,RW-L7: Hyperparameter tunning: RF
1.1914130449295044,0.10060898851496304,0.04498035907745361,0.010272449061478603,77,{'n_estimators': 77},0.9992587101556708,0.9963045084996305,0.9985185185185186,0.9970414201183432,0.9985141158989599,0.9940828402366864,0.9992587101556708,0.9962935507783544,0.9970370370370369,0.9962990377498149,0.9972608449148685,0.001552695183999304,82,RW-L7: Hyperparameter tunning: RF
1.1792445182800293,0.15554636054575532,0.04288525581359863,0.007916961832947262,78,{'n_estimators': 78},0.9992587101556708,0.9963045084996305,0.9985185185185186,0.9970414201183432,0.9985141158989599,0.9940828402366864,0.9992587101556708,0.9970326409495549,0.9970370370370369,0.9962990377498149,0.9973347539319887,0.0015221832024851613,54,RW-L7: Hyperparameter tunning: RF
1.1261874914169312,0.11518535161988111,0.04128992557525635,0.005903618341429288,79,{'n_estimators': 79},0.9992587101556708,0.9963045084996305,0.9985185185185186,0.9970414201183432,0.9985141158989599,0.9940828402366864,0.9992587101556708,0.9970326409495549,0.9970370370370369,0.9962990377498149,0.9973347539319887,0.0015221832024851613,54,RW-L7: Hyperparameter tunning: RF
1.111332654953003,0.07164866767466142,0.04228594303131104,0.00688299986711873,80,{'n_estimators': 80},0.9992587101556708,0.9963045084996305,0.9985185185185186,0.9970414201183432,0.9985141158989599,0.9940828402366864,0.9992587101556708,0.9970326409495549,0.9970370370370369,0.9962990377498149,0.9973347539319887,0.0015221832024851613,54,RW-L7: Hyperparameter tunning: RF
1.1777454137802124,0.10537834663796637,0.04139683246612549,0.005401926396886367,81,{'n_estimators': 81},0.9992587101556708,0.9963045084996305,0.9985185185185186,0.9970414201183432,0.9985141158989599,0.9940828402366864,0.9992587101556708,0.9962935507783544,0.9970370370370369,0.9962990377498149,0.9972608449148685,0.001552695183999304,82,RW-L7: Hyperparameter tunning: RF
1.184338641166687,0.09054210725238636,0.04497110843658447,0.0050937834341447455,82,{'n_estimators': 82},0.9992587101556708,0.9963045084996305,0.9985185185185186,0.9970414201183432,0.9985141158989599,0.9940828402366864,0.9992587101556708,0.9962935507783544,0.9970370370370369,0.9962990377498149,0.9972608449148685,0.001552695183999304,82,RW-L7: Hyperparameter tunning: RF
1.1215076684951781,0.046672571138498264,0.04198513031005859,0.012494201489932657,83,{'n_estimators': 83},0.9992587101556708,0.9955686853766618,0.9985185185185186,0.9970414201183432,0.9985141158989599,0.9940828402366864,0.9992587101556708,0.9962935507783544,0.9970370370370369,0.9962990377498149,0.9971872626025717,0.0016125540096676046,93,RW-L7: Hyperparameter tunning: RF
1.2296114683151245,0.06491877652144976,0.045975899696350096,0.0075654405950948255,84,{'n_estimators': 84},1.0,0.9955686853766618,0.9985185185185186,0.9970414201183432,0.9985141158989599,0.9940828402366864,0.9992587101556708,0.9962935507783544,0.9970370370370369,0.9962990377498149,0.9972613915870046,0.0017195624437417651,71,RW-L7: Hyperparameter tunning: RF
1.0495941162109375,0.13268284574363612,0.03790867328643799,0.009727209053721094,85,{'n_estimators': 85},1.0,0.9955686853766618,0.9985185185185186,0.9970414201183432,0.9985141158989599,0.9940828402366864,0.9992587101556708,0.9962935507783544,0.9970370370370369,0.9962990377498149,0.9972613915870046,0.0017195624437417651,71,RW-L7: Hyperparameter tunning: RF
1.071531343460083,0.10956365000377274,0.039389944076538085,0.005741193623949926,86,{'n_estimators': 86},1.0,0.9955686853766618,0.9985185185185186,0.9970414201183432,0.9985141158989599,0.9940828402366864,0.9992587101556708,0.9962935507783544,0.9970370370370369,0.9962990377498149,0.9972613915870046,0.0017195624437417651,71,RW-L7: Hyperparameter tunning: RF
1.19280846118927,0.041354454718227844,0.04148523807525635,0.004701099701331156,87,{'n_estimators': 87},1.0,0.9955686853766618,0.9985185185185186,0.9970414201183432,0.9985141158989599,0.9940828402366864,0.9992587101556708,0.9962935507783544,0.9970370370370369,0.9962990377498149,0.9972613915870046,0.0017195624437417651,71,RW-L7: Hyperparameter tunning: RF
1.191208839416504,0.04460233493301444,0.04258649349212647,0.002960045153333348,88,{'n_estimators': 88},1.0,0.9955686853766618,0.9985185185185186,0.9970414201183432,0.9985141158989599,0.9940828402366864,0.9992587101556708,0.9962935507783544,0.9970370370370369,0.9962990377498149,0.9972613915870046,0.0017195624437417651,71,RW-L7: Hyperparameter tunning: RF
1.149625539779663,0.08863899255099907,0.039601922035217285,0.0034553572875195095,89,{'n_estimators': 89},1.0,0.9955686853766618,0.9985185185185186,0.9970414201183432,0.9985141158989599,0.9940828402366864,0.9992587101556708,0.9962935507783544,0.9970370370370369,0.9962990377498149,0.9972613915870046,0.0017195624437417651,71,RW-L7: Hyperparameter tunning: RF
1.1386391878128053,0.04224101832732527,0.04359793663024902,0.0034337292807901845,90,{'n_estimators': 90},1.0,0.9955686853766618,0.9985185185185186,0.9970414201183432,0.9985141158989599,0.9940828402366864,0.9992587101556708,0.9962935507783544,0.9970370370370369,0.9962990377498149,0.9972613915870046,0.0017195624437417651,71,RW-L7: Hyperparameter tunning: RF
1.012534236907959,0.035901475125714725,0.035211038589477536,0.0018849282266904285,91,{'n_estimators': 91},1.0,0.9955686853766618,0.9985185185185186,0.9970414201183432,0.9992576095025985,0.9940828402366864,0.9992587101556708,0.9962935507783544,0.9970370370370369,0.9962990377498149,0.9973357409473685,0.001786875470484171,46,RW-L7: Hyperparameter tunning: RF
1.0912738561630249,0.1422385774442688,0.04120116233825684,0.005172468024925826,92,{'n_estimators': 92},1.0,0.9955686853766618,0.9985185185185186,0.9970414201183432,0.9992576095025985,0.9940828402366864,0.9992587101556708,0.9962935507783544,0.9970370370370369,0.9962990377498149,0.9973357409473685,0.001786875470484171,46,RW-L7: Hyperparameter tunning: RF
1.0354353427886962,0.06422655770692624,0.03800055980682373,0.004633954223454647,93,{'n_estimators': 93},1.0,0.9955686853766618,0.9985185185185186,0.9970414201183432,0.9985163204747775,0.9940828402366864,0.9992587101556708,0.9962935507783544,0.9970370370370369,0.9962990377498149,0.9972616120445863,0.001719723169724099,65,RW-L7: Hyperparameter tunning: RF
1.0244627237319945,0.03628993417487995,0.03849282264709473,0.0028964698843010383,94,{'n_estimators': 94},1.0,0.9955686853766618,0.9985185185185186,0.9970414201183432,0.9985163204747775,0.9940828402366864,0.9992587101556708,0.9962935507783544,0.9970370370370369,0.9962990377498149,0.9972616120445863,0.001719723169724099,65,RW-L7: Hyperparameter tunning: RF
1.0193792581558228,0.014980825098602515,0.03599836826324463,0.0018268801911607195,95,{'n_estimators': 95},1.0,0.9955686853766618,0.9985185185185186,0.9970414201183432,0.9985163204747775,0.9940828402366864,0.9992587101556708,0.9962935507783544,0.9970370370370369,0.9962990377498149,0.9972616120445863,0.001719723169724099,65,RW-L7: Hyperparameter tunning: RF
1.0716323375701904,0.07125108715574069,0.03799824714660645,0.0022785894133904552,96,{'n_estimators': 96},1.0,0.9955686853766618,0.9985185185185186,0.9970414201183432,0.9985163204747775,0.9940828402366864,0.9992587101556708,0.9962935507783544,0.9970370370370369,0.9962990377498149,0.9972616120445863,0.001719723169724099,65,RW-L7: Hyperparameter tunning: RF
1.295336627960205,0.033658736460512685,0.046078944206237794,0.00525107464986662,97,{'n_estimators': 97},1.0,0.9955686853766618,0.9985185185185186,0.9970414201183432,0.9985163204747775,0.9940828402366864,0.9992587101556708,0.9962935507783544,0.9970370370370369,0.9962990377498149,0.9972616120445863,0.001719723169724099,65,RW-L7: Hyperparameter tunning: RF
1.4178984403610229,0.0679628932238086,0.048176002502441403,0.004354595517364164,98,{'n_estimators': 98},1.0,0.9963045084996305,0.9985185185185186,0.9970414201183432,0.9992576095025985,0.9940828402366864,0.9992587101556708,0.9962935507783544,0.9970370370370369,0.9962990377498149,0.9974093232596652,0.0017267324886806506,38,RW-L7: Hyperparameter tunning: RF
1.3656490802764893,0.09985843375379863,0.04716942310333252,0.006252809338574143,99,{'n_estimators': 99},1.0,0.9955686853766618,0.9985185185185186,0.9970414201183432,0.9985163204747775,0.9940828402366864,0.9992587101556708,0.9962935507783544,0.9970370370370369,0.9962990377498149,0.9972616120445863,0.001719723169724099,65,RW-L7: Hyperparameter tunning: RF
1.3977638483047485,0.10619445624029253,0.04866547584533691,0.00878593727485973,100,{'n_estimators': 100},1.0,0.9963045084996305,0.9985185185185186,0.9970414201183432,0.9992576095025985,0.9940828402366864,0.9992587101556708,0.9962935507783544,0.9970370370370369,0.9962990377498149,0.9974093232596652,0.0017267324886806506,38,RW-L7: Hyperparameter tunning: RF
1.4663296461105346,0.11659388863054446,0.05136861801147461,0.011835857298143234,101,{'n_estimators': 101},1.0,0.9955686853766618,0.9985185185185186,0.9970414201183432,0.9992576095025985,0.9940828402366864,0.9992587101556708,0.9962935507783544,0.9970370370370369,0.9962990377498149,0.9973357409473685,0.001786875470484171,46,RW-L7: Hyperparameter tunning: RF
1.4980926752090453,0.209963362724279,0.05205671787261963,0.009761047323594126,102,{'n_estimators': 102},1.0,0.9963045084996305,0.9985185185185186,0.9970414201183432,0.9992576095025985,0.9940828402366864,0.9992587101556708,0.9962935507783544,0.9970370370370369,0.997037037037037,0.9974831231883876,0.0016931464702746046,29,RW-L7: Hyperparameter tunning: RF
1.3942935943603516,0.09287702432397231,0.04936983585357666,0.007380105531950625,103,{'n_estimators': 103},1.0,0.9963045084996305,0.9985185185185186,0.9970414201183432,0.9992576095025985,0.9940828402366864,0.9992587101556708,0.9962935507783544,0.9970370370370369,0.997037037037037,0.9974831231883876,0.0016931464702746046,29,RW-L7: Hyperparameter tunning: RF
1.400950837135315,0.07931138769012364,0.04976816177368164,0.007767596480614688,104,{'n_estimators': 104},1.0,0.9963045084996305,0.9992587101556708,0.9970414201183432,0.9992576095025985,0.9940828402366864,0.9992587101556708,0.9962935507783544,0.9970370370370369,0.997037037037037,0.9975571423521028,0.0017519511100710374,11,RW-L7: Hyperparameter tunning: RF
1.4336610794067384,0.1328483527202127,0.04936833381652832,0.004487594512424282,105,{'n_estimators': 105},1.0,0.9963045084996305,0.9992587101556708,0.9970414201183432,0.9985163204747775,0.9940828402366864,0.9992587101556708,0.9962935507783544,0.9970370370370369,0.997037037037037,0.9974830134493209,0.001693127582895558,31,RW-L7: Hyperparameter tunning: RF
1.4848285913467407,0.12665476210794638,0.04787125587463379,0.00557161558748993,106,{'n_estimators': 106},1.0,0.9963045084996305,0.9992587101556708,0.9970414201183432,0.9985163204747775,0.9940828402366864,0.9992587101556708,0.9962935507783544,0.9970370370370369,0.997037037037037,0.9974830134493209,0.001693127582895558,31,RW-L7: Hyperparameter tunning: RF
1.4927131414413453,0.09797488449518975,0.0534515380859375,0.008833669178570263,107,{'n_estimators': 107},1.0,0.9963045084996305,0.9992587101556708,0.9970414201183432,0.9985163204747775,0.9940828402366864,0.9992587101556708,0.9962935507783544,0.9970370370370369,0.997037037037037,0.9974830134493209,0.001693127582895558,31,RW-L7: Hyperparameter tunning: RF
1.4479273557662964,0.07536289328439832,0.05205996036529541,0.009921875196165544,108,{'n_estimators': 108},1.0,0.9963045084996305,0.9992587101556708,0.9970414201183432,0.9992576095025985,0.9940828402366864,0.9992587101556708,0.9962935507783544,0.9970370370370369,0.997037037037037,0.9975571423521028,0.0017519511100710374,11,RW-L7: Hyperparameter tunning: RF
1.5278094053268432,0.14923398132239543,0.060137391090393066,0.01390538017761717,109,{'n_estimators': 109},1.0,0.9963045084996305,0.9992587101556708,0.9970414201183432,0.9992576095025985,0.9940828402366864,0.9992587101556708,0.9962935507783544,0.9970370370370369,0.997037037037037,0.9975571423521028,0.0017519511100710374,11,RW-L7: Hyperparameter tunning: RF
1.5193408012390137,0.13851048642259547,0.052155470848083495,0.006228313733790658,110,{'n_estimators': 110},1.0,0.9963045084996305,0.9992587101556708,0.9970414201183432,0.9992576095025985,0.9940828402366864,0.9992587101556708,0.9962935507783544,0.9970370370370369,0.997037037037037,0.9975571423521028,0.0017519511100710374,11,RW-L7: Hyperparameter tunning: RF
1.4559058666229248,0.06339937628362459,0.04877305030822754,0.0034412030559524136,111,{'n_estimators': 111},1.0,0.9963045084996305,0.9992587101556708,0.9970414201183432,0.9985163204747775,0.9940828402366864,0.9992587101556708,0.9962935507783544,0.9970370370370369,0.9962990377498149,0.9974092135205985,0.0017267092784116985,40,RW-L7: Hyperparameter tunning: RF
1.4312679767608643,0.01955939454863936,0.04856853485107422,0.0048468965256628985,112,{'n_estimators': 112},1.0,0.9963045084996305,0.9992587101556708,0.9970414201183432,0.9992576095025985,0.9940828402366864,0.9992587101556708,0.9962935507783544,0.9970370370370369,0.997037037037037,0.9975571423521028,0.0017519511100710374,11,RW-L7: Hyperparameter tunning: RF
1.4497204780578614,0.05605595881182188,0.05026590824127197,0.007249787126073947,113,{'n_estimators': 113},1.0,0.9963045084996305,0.9992587101556708,0.9970414201183432,0.9985163204747775,0.9940828402366864,0.9992587101556708,0.9955555555555555,0.9970370370370369,0.9962990377498149,0.9973354139983186,0.0017875158775121035,50,RW-L7: Hyperparameter tunning: RF
1.4619907140731812,0.03350085709336768,0.05255999565124512,0.004844345538627252,114,{'n_estimators': 114},1.0,0.9963045084996305,0.9992587101556708,0.9970414201183432,0.9985163204747775,0.9940828402366864,0.9992587101556708,0.9962935507783544,0.9970370370370369,0.9962990377498149,0.9974092135205985,0.0017267092784116985,40,RW-L7: Hyperparameter tunning: RF
1.5452564001083373,0.13195553956608355,0.054366564750671385,0.011285497829841312,115,{'n_estimators': 115},0.9992587101556708,0.9963045084996305,0.9992587101556708,0.9970414201183432,0.9985163204747775,0.9940828402366864,0.9992587101556708,0.9955555555555555,0.9970370370370369,0.9962990377498149,0.9972612850138857,0.0016880825989499875,78,RW-L7: Hyperparameter tunning: RF
2.3275739908218385,0.23461878988011467,0.08796296119689942,0.022214896173407397,116,{'n_estimators': 116},1.0,0.9963045084996305,0.9992587101556708,0.9970414201183432,0.9992576095025985,0.9940828402366864,0.9992587101556708,0.9955555555555555,0.9970370370370369,0.9962990377498149,0.9974095429011006,0.0018492559214947247,35,RW-L7: Hyperparameter tunning: RF
1.664842462539673,0.29377668519190475,0.0663210391998291,0.02790085163079784,117,{'n_estimators': 117},1.0,0.9963045084996305,0.9992587101556708,0.9970414201183432,0.9992576095025985,0.9940828402366864,0.9992587101556708,0.9955555555555555,0.9970370370370369,0.9962990377498149,0.9974095429011006,0.0018492559214947247,35,RW-L7: Hyperparameter tunning: RF
1.415757918357849,0.18379093072570024,0.05146942138671875,0.011203138997347243,118,{'n_estimators': 118},1.0,0.9963045084996305,0.9992587101556708,0.9970414201183432,0.9992576095025985,0.9940828402366864,0.9992587101556708,0.9955555555555555,0.9970370370370369,0.9962990377498149,0.9974095429011006,0.0018492559214947247,35,RW-L7: Hyperparameter tunning: RF
1.3079909801483154,0.05233640604714435,0.044799423217773436,0.002329988697445161,119,{'n_estimators': 119},0.9992587101556708,0.9963045084996305,0.9992587101556708,0.9970414201183432,0.9992576095025985,0.9940828402366864,0.9992587101556708,0.9955555555555555,0.9970370370370369,0.9962990377498149,0.9973354139166677,0.0017564587989087332,51,RW-L7: Hyperparameter tunning: RF
1.5555909156799317,0.11876952002898906,0.06054093837738037,0.009547934103296008,120,{'n_estimators': 120},0.9992587101556708,0.9963045084996305,0.9992587101556708,0.9970414201183432,0.9992576095025985,0.9940828402366864,0.9992587101556708,0.9955555555555555,0.9970370370370369,0.9962990377498149,0.9973354139166677,0.0017564587989087332,51,RW-L7: Hyperparameter tunning: RF
1.439068818092346,0.05671726687056908,0.0488600492477417,0.0027347852402068115,121,{'n_estimators': 121},0.9992587101556708,0.9963045084996305,0.9992587101556708,0.9970414201183432,0.9992576095025985,0.9940828402366864,0.9992587101556708,0.9955555555555555,0.996299037749815,0.9962990377498149,0.9972616139879455,0.0017827522998096904,64,RW-L7: Hyperparameter tunning: RF
1.3986514806747437,0.03327265722189404,0.0497664213180542,0.0037285981640376737,122,{'n_estimators': 122},0.9992587101556708,0.9963045084996305,0.9992587101556708,0.9970414201183432,0.9992576095025985,0.9940828402366864,0.9992587101556708,0.9962935507783544,0.9970370370370369,0.997037037037037,0.9974830133676699,0.0016603058561515198,34,RW-L7: Hyperparameter tunning: RF
1.4081491231918335,0.05444605217795835,0.04967067241668701,0.003973733169970714,123,{'n_estimators': 123},0.9992587101556708,0.9963045084996305,0.9992587101556708,0.9970414201183432,0.9992576095025985,0.9940828402366864,0.9992587101556708,0.9962935507783544,0.996299037749815,0.9962990377498149,0.9973354135102254,0.0017249378230218852,53,RW-L7: Hyperparameter tunning: RF
1.4040236949920655,0.022051590070542335,0.050353050231933594,0.0025564391536818253,124,{'n_estimators': 124},0.9992587101556708,0.9963045084996305,0.9992587101556708,0.9970414201183432,0.9992576095025985,0.9940828402366864,0.9992587101556708,0.9962935507783544,0.9970370370370369,0.9962990377498149,0.9974092134389476,0.0016945381211736358,42,RW-L7: Hyperparameter tunning: RF
1.4362623691558838,0.14366905930706128,0.05145206451416016,0.01415903390770578,125,{'n_estimators': 125},0.9992587101556708,0.9963045084996305,0.9992587101556708,0.9970414201183432,0.9992576095025985,0.9940828402366864,0.9992587101556708,0.9962935507783544,0.9970370370370369,0.9962990377498149,0.9974092134389476,0.0016945381211736358,42,RW-L7: Hyperparameter tunning: RF
1.3703739881515502,0.06965826137878633,0.047380709648132326,0.002647648818297103,126,{'n_estimators': 126},1.0,0.9963045084996305,0.9992587101556708,0.9970414201183432,0.9992576095025985,0.9940828402366864,0.9992587101556708,0.9962935507783544,0.9970370370370369,0.9962990377498149,0.9974833424233805,0.0017874893084305662,28,RW-L7: Hyperparameter tunning: RF
1.3929659366607665,0.05828235123461241,0.04787170886993408,0.002082466085581013,127,{'n_estimators': 127},0.9992587101556708,0.9955686853766618,0.9992587101556708,0.9970414201183432,0.9992576095025985,0.9940828402366864,0.9992587101556708,0.9962935507783544,0.9970370370370369,0.9962990377498149,0.9973356311266508,0.0017557796393450793,49,RW-L7: Hyperparameter tunning: RF
1.4150129795074462,0.07114972413096615,0.04777717590332031,0.002206169136375231,128,{'n_estimators': 128},0.9992587101556708,0.9963045084996305,0.9992587101556708,0.9977794226498891,0.9992576095025985,0.9940828402366864,0.9992587101556708,0.9962935507783544,0.9970370370370369,0.997037037037037,0.9975568136208246,0.001655431800189552,18,RW-L7: Hyperparameter tunning: RF
1.4031504392623901,0.057954018211343016,0.04807004928588867,0.002030729365621543,129,{'n_estimators': 129},0.9992587101556708,0.9955686853766618,0.9985185185185186,0.9977794226498891,0.9992576095025985,0.9940828402366864,0.9992587101556708,0.9962935507783544,0.9970370370370369,0.997037037037037,0.9974092121448125,0.0016613095072013076,44,RW-L7: Hyperparameter tunning: RF
1.582667922973633,0.24050818015308267,0.06133337020874023,0.017346805034927297,130,{'n_estimators': 130},0.9992587101556708,0.9963045084996305,0.9992587101556708,0.9977794226498891,0.9992576095025985,0.9940828402366864,0.9992587101556708,0.9970326409495549,0.9970370370370369,0.997037037037037,0.9976307226379445,0.0016133456853015663,6,RW-L7: Hyperparameter tunning: RF
1.6176764249801636,0.09161669445872041,0.054648613929748534,0.0031187834690668014,131,{'n_estimators': 131},0.9992587101556708,0.9955686853766618,0.9992587101556708,0.9977794226498891,0.9992576095025985,0.9940828402366864,0.9992587101556708,0.9970326409495549,0.9970370370370369,0.997037037037037,0.9975571403256478,0.0016872419258137457,16,RW-L7: Hyperparameter tunning: RF
1.502825880050659,0.10222989754809346,0.054549574851989746,0.006544888122426666,132,{'n_estimators': 132},1.0,0.9955686853766618,0.9992587101556708,0.9977794226498891,0.9992576095025985,0.9940828402366864,0.9992587101556708,0.9970326409495549,0.9970370370370369,0.997037037037037,0.9976312693100805,0.0017744048467313762,2,RW-L7: Hyperparameter tunning: RF
1.5179315090179444,0.14078182055479987,0.049222159385681155,0.004038141140567255,133,{'n_estimators': 133},1.0,0.9955686853766618,0.9992587101556708,0.9977794226498891,0.9992576095025985,0.9940828402366864,0.9992587101556708,0.9955555555555555,0.9970370370370369,0.997037037037037,0.9974835607706807,0.0018766240740121685,23,RW-L7: Hyperparameter tunning: RF
1.6869876623153686,0.24432708524625152,0.05764856338500977,0.007417676389354913,134,{'n_estimators': 134},1.0,0.9955686853766618,0.9992587101556708,0.9977794226498891,0.9992576095025985,0.9940828402366864,0.9992587101556708,0.9970326409495549,0.9970370370370369,0.997037037037037,0.9976312693100805,0.0017744048467313762,2,RW-L7: Hyperparameter tunning: RF
1.5494716882705688,0.17208145708681943,0.051452231407165525,0.0035705820155725824,135,{'n_estimators': 135},1.0,0.9955686853766618,0.9992587101556708,0.9977794226498891,0.9992576095025985,0.9940828402366864,0.9992587101556708,0.9970326409495549,0.9970370370370369,0.9962990377498149,0.9975574693813583,0.0018125228341205944,8,RW-L7: Hyperparameter tunning: RF
1.6033067464828492,0.12747316109967685,0.056556415557861325,0.006039830908987922,136,{'n_estimators': 136},1.0,0.9955686853766618,0.9992587101556708,0.9977794226498891,0.9992576095025985,0.9940828402366864,0.9992587101556708,0.9970326409495549,0.9970370370370369,0.997037037037037,0.9976312693100805,0.0017744048467313762,2,RW-L7: Hyperparameter tunning: RF
1.6577656269073486,0.10661701218842934,0.05724608898162842,0.0031739313590852113,137,{'n_estimators': 137},1.0,0.9955686853766618,0.9992587101556708,0.9977794226498891,0.9992576095025985,0.9940828402366864,0.9992587101556708,0.9970326409495549,0.9970370370370369,0.9962990377498149,0.9975574693813583,0.0018125228341205944,8,RW-L7: Hyperparameter tunning: RF
1.7590968132019043,0.10221916379651685,0.060040402412414554,0.0034140964006539143,138,{'n_estimators': 138},1.0,0.9963045084996305,0.9992587101556708,0.9977794226498891,0.9992576095025985,0.9940828402366864,0.9992587101556708,0.9970326409495549,0.9970370370370369,0.9962990377498149,0.9976310516936552,0.0017439293514663716,5,RW-L7: Hyperparameter tunning: RF
1.8086745262145996,0.20670417665001617,0.06392416954040528,0.008616610803623111,139,{'n_estimators': 139},1.0,0.9955686853766618,0.9985185185185186,0.9977794226498891,0.9992576095025985,0.9940828402366864,0.9992587101556708,0.9970326409495549,0.9970370370370369,0.9962990377498149,0.9974834502176432,0.0017557618616420554,27,RW-L7: Hyperparameter tunning: RF
1.6242597818374633,0.05612845037129694,0.05525217056274414,0.0036534590184077813,140,{'n_estimators': 140},1.0,0.9963045084996305,0.9985185185185186,0.9977794226498891,0.9992576095025985,0.9940828402366864,0.9992587101556708,0.9970326409495549,0.9970370370370369,0.9962990377498149,0.9975570325299399,0.0016880886457573956,17,RW-L7: Hyperparameter tunning: RF
1.5862012386322022,0.06716532713643009,0.056542468070983884,0.003374718121065193,141,{'n_estimators': 141},1.0,0.9963045084996305,0.9985185185185186,0.9977794226498891,0.9992576095025985,0.9940828402366864,0.9992587101556708,0.9962935507783544,0.9977794226498891,0.9962990377498149,0.9975573620741052,0.001720374765368855,10,RW-L7: Hyperparameter tunning: RF
1.6123857498168945,0.10154568648873373,0.05435965061187744,0.003335857523673971,142,{'n_estimators': 142},1.0,0.9963045084996305,0.9992587101556708,0.9977794226498891,0.9992576095025985,0.9940828402366864,0.9992587101556708,0.9962935507783544,0.9977794226498891,0.9962990377498149,0.9976313812378205,0.001775186428272197,1,RW-L7: Hyperparameter tunning: RF
1.6304447412490846,0.08309853378375795,0.053165102005004884,0.0024400329597112154,143,{'n_estimators': 143},1.0,0.9955686853766618,0.9992587101556708,0.9977794226498891,0.9992576095025985,0.9940828402366864,0.9992587101556708,0.9962935507783544,0.9977794226498891,0.9962990377498149,0.9975577989255235,0.0018426298580202659,7,RW-L7: Hyperparameter tunning: RF
1.671260952949524,0.08675712248874456,0.06123178005218506,0.010758727210172167,144,{'n_estimators': 144},1.0,0.9955686853766618,0.9992587101556708,0.9977794226498891,0.9992576095025985,0.9940828402366864,0.9992587101556708,0.9962935507783544,0.9970370370370369,0.9962990377498149,0.9974835603642382,0.0018471548437031305,24,RW-L7: Hyperparameter tunning: RF
1.6329737663269044,0.03857756638243,0.05873844623565674,0.013370818619586658,145,{'n_estimators': 145},1.0,0.9955686853766618,0.9992587101556708,0.9977794226498891,0.9992576095025985,0.9940828402366864,0.9992587101556708,0.9962935507783544,0.9970370370370369,0.9962990377498149,0.9974835603642382,0.0018471548437031305,24,RW-L7: Hyperparameter tunning: RF
1.7244879007339478,0.10441607464001813,0.06432640552520752,0.007587228616963207,146,{'n_estimators': 146},1.0,0.9955686853766618,0.9992587101556708,0.9977794226498891,0.9992576095025985,0.9940828402366864,0.9992587101556708,0.9962935507783544,0.9970370370370369,0.9962990377498149,0.9974835603642382,0.0018471548437031305,24,RW-L7: Hyperparameter tunning: RF
1.6662469625473022,0.07950561527408807,0.058833885192871097,0.006493656471516561,147,{'n_estimators': 147},1.0,0.9955686853766618,0.9985185185185186,0.9977794226498891,0.9992576095025985,0.9940828402366864,0.9992587101556708,0.9962935507783544,0.9977794226498891,0.9962990377498149,0.9974837797618082,0.001786839183984679,19,RW-L7: Hyperparameter tunning: RF
1.8243102788925172,0.2609232320019296,0.060656070709228516,0.0168552214957322,148,{'n_estimators': 148},1.0,0.9955686853766618,0.9985185185185186,0.9977794226498891,0.9992576095025985,0.9940828402366864,0.9992587101556708,0.9962935507783544,0.9977794226498891,0.9962990377498149,0.9974837797618082,0.001786839183984679,19,RW-L7: Hyperparameter tunning: RF
1.5357114315032958,0.0538774293462289,0.05325736999511719,0.0027918497995089594,149,{'n_estimators': 149},1.0,0.9955686853766618,0.9985185185185186,0.9977794226498891,0.9992576095025985,0.9940828402366864,0.9992587101556708,0.9962935507783544,0.9977794226498891,0.9962990377498149,0.9974837797618082,0.001786839183984679,19,RW-L7: Hyperparameter tunning: RF
1.5426960945129395,0.042518701935425444,0.05253589153289795,0.0020535109842218873,150,{'n_estimators': 150},1.0,0.9955686853766618,0.9985185185185186,0.9977794226498891,0.9992576095025985,0.9940828402366864,0.9992587101556708,0.9962935507783544,0.9977794226498891,0.9962990377498149,0.9974837797618082,0.001786839183984679,19,RW-L7: Hyperparameter tunning: RF
